	0
0.01	1.597507701996195e-14
0.02	1.1477614771077291e-14
0.03	9.459236476316775e-15
0.04	8.246320918572481e-15
0.05	7.413683053095777e-15
0.060000000000000005	6.796171416378319e-15
0.06999999999999999	6.314374563941165e-15
0.08	5.9247175560481234e-15
0.09	5.601020518935499e-15
0.09999999999999999	5.326474585610155e-15
0.11	5.0897244902840745e-15
0.12	4.882784033806561e-15
0.13	4.699849855255761e-15
0.14	4.53658901180025e-15
0.15000000000000002	4.389691733753039e-15
0.16	4.2565800395371195e-15
0.17	4.135211811320988e-15
0.18000000000000002	4.023945430001025e-15
0.19	3.9214440131924406e-15
0.2	3.826606247685027e-15
0.21000000000000002	3.738515502885977e-15
0.22	3.656401773951951e-15
0.23	3.5796127973933875e-15
0.24000000000000002	3.507591834768851e-15
0.25	3.439860377559868e-15
0.26	3.3760045341263945e-15
0.27	3.315664206348031e-15
0.28	3.258524404238728e-15
0.29000000000000004	3.204308216469015e-15
0.3	3.1527710759916435e-15
0.31	3.1036960477698494e-15
0.32	3.056889929948314e-15
0.33	3.0121800074805127e-15
0.34	2.969411332916452e-15
0.35000000000000003	2.928444436032435e-15
0.36000000000000004	2.8891533845607636e-15
0.37	2.851424134104227e-15
0.38	2.8151531175907887e-15
0.39	2.7802460342085726e-15
0.4	2.7466168053006505e-15
0.41000000000000003	2.7141866706693523e-15
0.42000000000000004	2.6828834034971175e-15
0.43	2.6526406259043962e-15
0.44	2.6233972102393472e-15
0.45	2.595096753685619e-15
0.46	2.567687115804252e-15
0.47000000000000003	2.5411200102871858e-15
0.48000000000000004	2.5153506435662828e-15
0.49	2.49033739405048e-15
0.5	2.4660415266999517e-15
0.51	2.4424269384260406e-15
0.52	2.419459930457724e-15
0.53	2.3971090043626373e-15
0.54	2.3753446788715313e-15
0.55	2.354139325044564e-15
0.56	2.333467017648055e-15
0.5700000000000001	2.3133034008912745e-15
0.5800000000000001	2.293625566912435e-15
0.59	2.274411945608189e-15
0.6	2.2556422045768385e-15
0.61	2.237297158096899e-15
0.62	2.2193586841932427e-15
0.63	2.2018096489560383e-15
0.64	2.1846338373755985e-15
0.65	2.1678158900413838e-15
0.66	2.1513412451275333e-15
0.67	2.1351960851519985e-15
0.68	2.1193672880529927e-15
0.6900000000000001	2.1038423821760687e-15
0.7000000000000001	2.0886095048087674e-15
0.7100000000000001	2.0736573639381182e-15
0.72	2.058975202940146e-15
0.73	2.0445527679403946e-15
0.74	2.030380277610956e-15
0.75	2.0164483951929445e-15
0.76	2.0027482025541695e-15
0.77	1.9892711761103074e-15
0.78	1.9760091644543604e-15
0.79	1.9629543675539313e-15
0.8	1.9500993173889962e-15
0.81	1.9374368599146385e-15
0.8200000000000001	1.9249601382437672e-15
0.8300000000000001	1.9126625769543194e-15
0.8400000000000001	1.9005378674339466e-15
0.85	1.888579954182872e-15
0.86	1.876783022002488e-15
0.87	1.8651414840035112e-15
0.88	1.8536499703731155e-15
0.89	1.8423033178455883e-15
0.9	1.8310965598256207e-15
0.91	1.8200249171175613e-15
0.92	1.8090837892177213e-15
0.93	1.798268746130279e-15
0.9400000000000001	1.7875755206704657e-15
0.9500000000000001	1.777000001221556e-15
0.9600000000000001	1.7665382249147958e-15
0.97	1.7561863712037573e-15
0.98	1.7459407558068041e-15
0.99	1.7357978249932867e-15
1.0	1.7257541501909457e-15
1.01	1.7158064228936136e-15
1.02	1.705951449849867e-15
1.03	1.696186148514646e-15
1.04	1.6865075427471494e-15
1.05	1.6769127587394959e-15
1.06	1.6673990211617156e-15
1.07	1.6579636495096332e-15
1.08	1.648604054643135e-15
1.09	1.6393177355031402e-15
1.1	1.6301022759963907e-15
1.11	1.6209553420378997e-15
1.12	1.611874678741547e-15
1.1300000000000001	1.6028581077499517e-15
1.1400000000000001	1.5939035246953097e-15
1.1500000000000001	1.5850088967834087e-15
1.1600000000000001	1.5761722604935438e-15
1.17	1.5673917193874906e-15
1.18	1.5586654420211387e-15
1.19	1.5499916599527568e-15
1.2	1.5413686658422537e-15
1.21	1.5327948116361201e-15
1.22	1.5242685068330641e-15
1.23	1.5157882168256476e-15
1.24	1.5073524613135063e-15
1.25	1.498959812783997e-15
1.26	1.4906088950563538e-15
1.27	1.4822983818856635e-15
1.28	1.4740269956231859e-15
1.29	1.465793505929732e-15
1.3	1.457596728539013e-15
1.31	1.4494355240680373e-15
1.32	1.4413087968718e-15
1.33	1.4332154939396696e-15
1.34	1.4251546038310123e-15
1.35	1.4171251556477377e-15
1.36	1.4091262180415786e-15
1.37	1.4011568982540337e-15
1.3800000000000001	1.3932163411870298e-15
1.3900000000000001	1.3853037285024513e-15
1.4000000000000001	1.3774182777488065e-15
1.4100000000000001	1.3695592415133798e-15
1.42	1.361725906598326e-15
1.43	1.353917593219249e-15
1.44	1.3461336542248722e-15
1.45	1.3383734743365191e-15
1.46	1.3306364694061642e-15
1.47	1.322922085691916e-15
1.48	1.3152297991498343e-15
1.49	1.3075591147410756e-15
1.5	1.2999095657534002e-15
1.51	1.292280713136145e-15
1.52	1.2846721448478264e-15
1.53	1.2770834752155738e-15
1.54	1.2695143443056736e-15
1.55	1.2619644173045194e-15
1.56	1.2544333839093398e-15
1.57	1.2469209577281104e-15
1.58	1.2394268756880848e-15
1.59	1.23195089745245e-15
1.6	1.224492804844626e-15
1.61	1.2170524012797727e-15
1.62	1.2096295112031186e-15
1.6300000000000001	1.2022239795347339e-15
1.6400000000000001	1.1948356711204277e-15
1.6500000000000001	1.187464470188466e-15
1.6600000000000001	1.1801102798118404e-15
1.6700000000000002	1.1727730213758527e-15
1.68	1.1654526340507948e-15
1.69	1.158149074269541e-15
1.7	1.1508623152098953e-15
1.71	1.143592346281541e-15
1.72	1.136339172617491e-15
1.73	1.1291028145699365e-15
1.74	1.121883307210417e-15
1.75	1.1146806998342602e-15
1.76	1.10749505546925e-15
1.77	1.1003264503885033e-15
1.78	1.0931749736275456e-15
1.79	1.086040726505601e-15
1.8	1.078923822151112e-15
1.81	1.0718243850315281e-15
1.82	1.0647425504874142e-15
1.83	1.057678464270926e-15
1.84	1.0506322820887341e-15
1.85	1.0436041691494642e-15
1.86	1.0365942997157446e-15
1.87	1.0296028566609495e-15
1.8800000000000001	1.0226300310307428e-15
1.8900000000000001	1.0156760216095242e-15
1.9000000000000001	1.008741034491893e-15
1.9100000000000001	1.0018252826592332e-15
1.9200000000000002	9.949289855615551e-16
1.93	9.880523687047016e-16
1.94	9.811956632430449e-16
1.95	9.74359105577806e-16
1.96	9.675429369611116e-16
1.97	9.60747403105925e-16
1.98	9.539727538019685e-16
1.99	9.472192425377667e-16
2.0	9.404871261289343e-16
2.01	9.33776664352826e-16
2.02	9.270881195896704e-16
2.03	9.204217564703055e-16
2.04	9.13777841530621e-16
2.05	9.071566428728269e-16
2.0599999999999996	9.005584298336423e-16
2.07	8.939834726595135e-16
2.0799999999999996	8.874320421889502e-16
2.09	8.809044095420711e-16
2.0999999999999996	8.744008458174472e-16
2.11	8.679216217963156e-16
2.1199999999999997	8.614670076542418e-16
2.13	8.550372726802934e-16
2.1399999999999997	8.486326850037862e-16
2.15	8.422535113286573e-16
2.1599999999999997	8.359000166755136e-16
2.17	8.295724641313872e-16
2.1799999999999997	8.232711146072454e-16
2.19	8.169962266032668e-16
2.1999999999999997	8.107480559819136e-16
2.21	8.045268557488025e-16
2.2199999999999998	7.983328758413926e-16
2.23	7.921663629254692e-16
2.2399999999999998	7.860275601994368e-16
2.25	7.799167072063838e-16
2.26	7.738340396539131e-16
2.27	7.67779789241696e-16
2.28	7.617541834967243e-16
2.29	7.557574456162046e-16
2.3	7.497897943180583e-16
2.31	7.438514436989605e-16
2.32	7.379426030998632e-16
2.3299999999999996	7.320634769789287e-16
2.34	7.262142647918035e-16
2.3499999999999996	7.203951608791515e-16
2.36	7.146063543613572e-16
2.3699999999999997	7.088480290403177e-16
2.38	7.031203633082147e-16
2.3899999999999997	6.97423530063181e-16
2.4	6.91757696631741e-16
2.4099999999999997	6.861230246979295e-16
2.42	6.805196702389635e-16
2.4299999999999997	6.749477834673588e-16
2.44	6.694075087793611e-16
2.4499999999999997	6.638989847095762e-16
2.46	6.58422343891661e-16
2.4699999999999998	6.529777130249545e-16
2.48	6.475652128469053e-16
2.4899999999999998	6.421849581111676e-16
2.5	6.368370575712206e-16
2.51	6.315216139693754e-16
2.52	6.2623872403102295e-16
2.53	6.209884784639847e-16
2.54	6.157709619628123e-16
2.55	6.105862532179e-16
2.56	6.054344249292525e-16
2.57	6.0031554382477e-16
2.5799999999999996	5.952296706828924e-16
2.59	5.901768603594629e-16
2.5999999999999996	5.85157161818657e-16
2.61	5.801706181678286e-16
2.6199999999999997	5.752172666961281e-16
2.63	5.702971389167417e-16
2.6399999999999997	5.654102606126079e-16
2.65	5.605566518854612e-16
2.6599999999999997	5.557363272080633e-16
2.67	5.50949295479472e-16
2.6799999999999997	5.461955600832116e-16
2.69	5.414751189481972e-16
2.6999999999999997	5.367879646122804e-16
2.71	5.32134084288272e-16
2.7199999999999998	5.275134599323116e-16
2.73	5.229260683144462e-16
2.7399999999999998	5.183718810912899e-16
2.75	5.138508648806292e-16
2.76	5.093629813378556e-16
2.77	5.049081872340891e-16
2.78	5.004864345358839e-16
2.79	4.960976704863802e-16
2.8	4.91741837687802e-16
2.81	4.8741887418516905e-16
2.82	4.831287135511263e-16
2.8299999999999996	4.788712849717684e-16
2.84	4.74646513333363e-16
2.8499999999999996	4.704543193098613e-16
2.86	4.662946194510992e-16
2.8699999999999997	4.621673262715907e-16
2.88	4.580723483398137e-16
2.8899999999999997	4.540095903679039e-16
2.9	4.499789533016581e-16
2.9099999999999997	4.459803344107685e-16
2.92	4.4201362737919546e-16
2.9299999999999997	4.380787223956095e-16
2.94	4.341755062438099e-16
2.9499999999999997	4.303038623930589e-16
2.96	4.264636710882481e-16
2.9699999999999998	4.2265480943983534e-16
2.98	4.1887715151347815e-16
2.9899999999999998	4.1513056841930847e-16
3.0	4.114149284007766e-16
3.01	4.0773009692301703e-16
3.02	4.0407593676066964e-16
3.03	4.004523080851128e-16
3.04	3.968590685510477e-16
3.05	3.932960733823956e-16
3.06	3.897631754574531e-16
3.07	3.862602253932697e-16
3.08	3.8278707162920054e-16
3.09	3.793435605096012e-16
3.0999999999999996	3.759295363656238e-16
3.11	3.725448415960821e-16
3.1199999999999997	3.691893167473567e-16
3.13	3.658628005923028e-16
3.1399999999999997	3.625651302081435e-16
3.15	3.5929614105331227e-16
3.1599999999999997	3.560556670432301e-16
3.17	3.52843540624989e-16
3.1799999999999997	3.4965959285092593e-16
3.19	3.465036534510669e-16
3.1999999999999997	3.4337555090442664e-16
3.21	3.402751125091477e-16
3.2199999999999998	3.3720216445146714e-16
3.23	3.3415653187349843e-16
3.2399999999999998	3.3113803893982025e-16
3.25	3.281465089028616e-16
3.26	3.251817641670787e-16
3.27	3.222436263519159e-16
3.28	3.1933191635354825e-16
3.29	3.164464544054003e-16
3.3	3.135870601374435e-16
3.31	3.1075355263426587e-16
3.32	3.0794575049191964e-16
3.33	3.051634718735454e-16
3.34	3.0240653456377644e-16
3.3499999999999996	2.9967475602192634e-16
3.36	2.9696795343396486e-16
3.3699999999999997	2.9428594376328717e-16
3.38	2.9162854380028173e-16
3.3899999999999997	2.8899557021070625e-16
3.4	2.8638683958287617e-16
3.4099999999999997	2.838021684736772e-16
3.42	2.812413734534082e-16
3.4299999999999997	2.7870427114946707e-16
3.44	2.7619067828888717e-16
3.4499999999999997	2.737004117397377e-16
3.46	2.7123328855139674e-16
3.4699999999999998	2.68789125993712e-16
3.48	2.663677415950581e-16
3.4899999999999998	2.639689531793071e-16
3.5	2.6159257890172113e-16
3.51	2.592384372837852e-16
3.52	2.5690634724698917e-16
3.53	2.545961281455781e-16
3.54	2.523075997982806e-16
3.55	2.500405825190339e-16
3.56	2.477948971467173e-16
3.57	2.45570365073912e-16
3.58	2.4336680827469916e-16
3.59	2.411840493315159e-16
3.5999999999999996	2.3902191146108033e-16
3.61	2.3688021853940444e-16
3.6199999999999997	2.347587951259096e-16
3.63	2.326574664866594e-16
3.6399999999999997	2.30576058616728e-16
3.65	2.2851439826171713e-16
3.6599999999999997	2.2647231293844084e-16
3.67	2.2444963095479e-16
3.6799999999999997	2.2244618142879665e-16
3.69	2.2046179430691037e-16
3.6999999999999997	2.1849630038150558e-16
3.71	2.1654953130763312e-16
3.7199999999999998	2.146213196190329e-16
3.73	2.1271149874342392e-16
3.7399999999999998	2.108199030170859e-16
3.75	2.089463676987483e-16
3.76	2.0709072898280318e-16
3.77	2.0525282401185537e-16
3.78	2.034324908886266e-16
3.79	2.0162956868722742e-16
3.8	1.9984389746381256e-16
3.81	1.9807531826663395e-16
3.82	1.96323673145506e-16
3.83	1.9458880516069742e-16
3.84	1.9287055839126438e-16
3.8499999999999996	1.9116877794283797e-16
3.86	1.8948330995488082e-16
3.8699999999999997	1.8781400160742613e-16
3.88	1.8616070112731214e-16
3.8899999999999997	1.8452325779392668e-16
3.9	1.8290152194447323e-16
3.9099999999999997	1.8129534497877292e-16
3.92	1.7970457936361393e-16
3.9299999999999997	1.78129078636662e-16
3.94	1.7656869740994338e-16
3.9499999999999997	1.7502329137291346e-16
3.96	1.7349271729512113e-16
3.9699999999999998	1.7197683302848338e-16
3.98	1.7047549750917885e-16
3.9899999999999998	1.6898857075917407e-16
4.0	1.6751591388739095e-16
4.01	1.6605738909052986e-16
4.02	1.64612859653555e-16
4.03	1.6318218994985595e-16
4.04	1.6176524544109461e-16
4.05	1.60361892676746e-16
4.06	1.5897199929334575e-16
4.07	1.575954340134519e-16
4.08	1.562320666443316e-16
4.09	1.5488176807638055e-16
4.1	1.5354441028128667e-16
4.109999999999999	1.5221986630994484e-16
4.12	1.5090801029013245e-16
4.13	1.4960871742395432e-16
4.14	1.4832186398506462e-16
4.1499999999999995	1.4704732731567482e-16
4.16	1.4578498582335532e-16
4.17	1.4453471897763897e-16
4.18	1.4329640730643233e-16
4.1899999999999995	1.4206993239224542e-16
4.2	1.4085517686824355e-16
4.21	1.3965202441413176e-16
4.22	1.3846035975187529e-16
4.2299999999999995	1.372800686412664e-16
4.24	1.3611103787534112e-16
4.25	1.3495315527565497e-16
4.26	1.338063096874209e-16
4.27	1.3267039097451877e-16
4.28	1.315452900143801e-16
4.29	1.3043089869275485e-16
4.3	1.2932710989836523e-16
4.31	1.2823381751745283e-16
4.32	1.2715091642822383e-16
4.33	1.2607830249519808e-16
4.34	1.2501587256346572e-16
4.35	1.2396352445285826e-16
4.36	1.229211569520376e-16
4.37	1.2188866981250787e-16
4.38	1.2086596374255453e-16
4.39	1.198529404011156e-16
4.3999999999999995	1.1884950239158893e-16
4.41	1.1785555325557945e-16
4.42	1.1687099746659113e-16
4.43	1.1589574042366655e-16
4.4399999999999995	1.1492968844497885e-16
4.45	1.1397274876137903e-16
4.46	1.1302482950990293e-16
4.47	1.1208583972724e-16
4.4799999999999995	1.1115568934316882e-16
4.49	1.1023428917396162e-16
4.5	1.093215509157612e-16
4.51	1.084173871379329e-16
4.52	1.0752171127639559e-16
4.53	1.0663443762693329e-16
4.54	1.0575548133849139e-16
4.55	1.0488475840645859e-16
4.56	1.0402218566593889e-16
4.57	1.0316768078501478e-16
4.58	1.0232116225800504e-16
4.59	1.0148254939871828e-16
4.6	1.0065176233370548e-16
4.61	9.982872199551344e-17
4.62	9.901335011594141e-17
4.63	9.820556921930162e-17
4.64	9.740530261568782e-17
4.6499999999999995	9.66124743942518e-17
4.66	9.582700941649077e-17
4.67	9.504883330954712e-17
4.68	9.427787245952138e-17
4.6899999999999995	9.351405400480158e-17
4.7	9.275730582940898e-17
4.71	9.200755655636304e-17
4.72	9.126473554106527e-17
4.7299999999999995	9.052877286470545e-17
4.74	8.979959932768969e-17
4.75	8.907714644309311e-17
4.76	8.836134643013656e-17
4.77	8.765213220769029e-17
4.78	8.694943738780479e-17
4.79	8.625319626926981e-17
4.8	8.55633438312026e-17
4.81	8.487981572666666e-17
4.82	8.420254827632167e-17
4.83	8.353147846210541e-17
4.84	8.286654392094831e-17
4.85	8.220768293852206e-17
4.86	8.15548344430224e-17
4.87	8.090793799898706e-17
4.88	8.02669338011493e-17
4.89	7.96317626683281e-17
4.8999999999999995	7.900236603735517e-17
4.91	7.837868595703928e-17
4.92	7.776066508216956e-17
4.93	7.714824666755591e-17
4.9399999999999995	7.654137456210973e-17
4.95	7.593999320296344e-17
4.96	7.534404760963015e-17
4.97	7.475348337820333e-17
4.9799999999999995	7.416824667559714e-17
4.99	7.358828423382782e-17
5.0	7.30135433443363e-17
5.01	7.244397185235178e-17
5.02	7.187951815129781e-17
5.03	7.132013117723958e-17
5.04	7.076576040337411e-17
5.05	7.021635583456201e-17
5.06	6.967186800190221e-17
5.07	6.913224795734924e-17
5.08	6.859744726837324e-17
5.09	6.806741801266269e-17
5.1	6.754211277287039e-17
5.11	6.702148463140195e-17
5.12	6.650548716524809e-17
5.13	6.599407444085905e-17
5.14	6.548720100906304e-17
5.1499999999999995	6.498482190002715e-17
5.16	6.448689261826167e-17
5.17	6.399336913766746e-17
5.18	6.350420789662619e-17
5.1899999999999995	6.301936579313361e-17
5.2	6.25388001799759e-17
5.21	6.206246885994879e-17
5.22	6.15903300811191e-17
5.2299999999999995	6.112234253212956e-17
5.24	6.065846533754544e-17
5.25	6.019865805324438e-17
5.26	5.97428806618478e-17
5.27	5.92910935681949e-17
5.28	5.884325759485847e-17
5.29	5.839933397770288e-17
5.3	5.795928436148318e-17
5.31	5.752307079548613e-17
5.32	5.709065572921262e-17
5.33	5.666200200810108e-17
5.34	5.623707286929165e-17
5.35	5.581583193743163e-17
5.36	5.539824322052099e-17
5.37	5.498427110579863e-17
5.38	5.457388035566833e-17
5.39	5.4167036103665037e-17
5.3999999999999995	5.3763703850460594e-17
5.41	5.3363849459908923e-17
5.42	5.2967439155130666e-17
5.43	5.257443951463636e-17
5.4399999999999995	5.2184817468488797e-17
5.45	5.179854029450357e-17
5.46	5.1415575614488133e-17
5.47	5.1035891390518474e-17
5.4799999999999995	5.065945592125383e-17
5.49	5.028623783828874e-17
5.5	4.9916206102542463e-17
5.51	4.954933000068494e-17
5.52	4.9185579141599914e-17
5.53	4.8824923452884167e-17
5.54	4.846733317738299e-17
5.55	4.8112778869761485e-17
5.56	4.776123139311142e-17
5.57	4.7412661915593504e-17
5.58	4.7067041907114764e-17
5.59	4.6724343136040317e-17
5.6	4.638453766594005e-17
5.61	4.6047597852369306e-17
5.62	4.5713496339683593e-17
5.63	4.5382206057886665e-17
5.64	4.5053700219512416e-17
5.6499999999999995	4.472795231653942e-17
5.66	4.440493611733855e-17
5.67	4.408462566365315e-17
5.68	4.376699526761103e-17
5.6899999999999995	4.3452019508769e-17
5.7	4.313967323118859e-17
5.71	4.282993154054361e-17
5.72	4.252276980125828e-17
5.7299999999999995	4.221816363367672e-17
5.74	4.191608891126265e-17
5.75	4.161652175782962e-17
5.76	4.1319438544800905e-17
5.77	4.1024815888499456e-17
5.78	4.0732630647467066e-17
5.79	4.0442859919812924e-17
5.8	4.01554810405907e-17
5.81	3.987047157920463e-17
5.82	3.9587809336843704e-17
5.83	3.930747234394407e-17
5.84	3.9029438857679056e-17
5.85	3.875368735947692e-17
5.86	3.848019655256571e-17
5.87	3.820894535954528e-17
5.88	3.793991291998584e-17
5.89	3.767307858805309e-17
5.8999999999999995	3.740842193015958e-17
5.91	3.7145922722641875e-17
5.92	3.688556094946366e-17
5.93	3.6627316799943896e-17
5.9399999999999995	3.637117066651043e-17
5.95	3.611710314247847e-17
5.96	3.586509501985365e-17
5.97	3.561512728715946e-17
5.9799999999999995	3.536718112728897e-17
5.99	3.5121237915380284e-17
6.0	3.4877279216715924e-17
6.01	3.4635286784645245e-17
6.02	3.439524255853037e-17
6.03	3.415712866171477e-17
6.04	3.3920927399514883e-17
6.05	3.368662125723373e-17
6.06	3.3454192898197106e-17
6.07	3.3223625161811575e-17
6.08	3.299490106164434e-17
6.09	3.276800378352443e-17
6.1	3.254291668366529e-17
6.11	3.231962328680849e-17
6.12	3.2098107284388225e-17
6.13	3.1878352532716244e-17
6.14	3.166034305118743e-17
6.15	3.1444063020505384e-17
6.16	3.1229496780928074e-17
6.17	3.101662883053303e-17
6.18	3.080544382350223e-17
6.1899999999999995	3.0595926568426275e-17
6.2	3.038806202662749e-17
6.21	3.018183531050219e-17
6.22	2.9977231681881354e-17
6.2299999999999995	2.9774236550409914e-17
6.24	2.957283547194429e-17
6.25	2.937301414696805e-17
6.26	2.917475841902527e-17
6.27	2.8978054273171755e-17
6.28	2.8782887834443633e-17
6.29	2.858924536634331e-17
6.3	2.839711326934238e-17
6.31	2.8206478079401546e-17
6.32	2.801732646650727e-17
6.33	2.782964523322487e-17
6.34	2.7643421313268002e-17
6.35	2.7458641770084247e-17
6.36	2.727529379545679e-17
6.37	2.7093364708121808e-17
6.38	2.691284195240145e-17
6.39	2.6733713096852336e-17
6.4	2.6555965832929304e-17
6.41	2.6379587973664255e-17
6.42	2.6204567452359898e-17
6.43	2.603089232129825e-17
6.4399999999999995	2.5858550750463827e-17
6.45	2.5687531026281086e-17
6.46	2.5517821550366352e-17
6.47	2.5349410838293604e-17
6.4799999999999995	2.5182287518374393e-17
6.49	2.5016440330451397e-17
6.5	2.485185812470583e-17
6.51	2.4688529860477956e-17
6.52	2.4526444605101282e-17
6.53	2.4365591532749686e-17
6.54	2.4205959923297686e-17
6.55	2.4047539161193445e-17
6.56	2.389031873434466e-17
6.57	2.373428823301683e-17
6.58	2.3579437348744166e-17
6.59	2.3425755873252588e-17
6.6	2.327323369739497e-17
6.61	2.3121860810098392e-17
6.62	2.2971627297323268e-17
6.63	2.2822523341034078e-17
6.64	2.2674539218181893e-17
6.65	2.2527665299698193e-17
6.66	2.2381892049500144e-17
6.67	2.2237210023506972e-17
6.68	2.2093609868667443e-17
6.6899999999999995	2.1951082321998335e-17
6.7	2.1809618209633634e-17
6.71	2.1669208445884525e-17
6.72	2.1529844032309855e-17
6.7299999999999995	2.139151605679709e-17
6.74	2.1254215692653604e-17
6.75	2.1117934197708187e-17
6.76	2.0982662913422534e-17
6.77	2.0848393264012877e-17
6.78	2.0715116755581304e-17
6.79	2.0582824975256995e-17
6.8	2.0451509590346862e-17
6.81	2.0321162347495943e-17
6.82	2.019177507185701e-17
6.83	2.006333966626966e-17
6.84	1.9935848110448372e-17
6.85	1.980929246017985e-17
6.86	1.9683664846529234e-17
6.87	1.9558957475055248e-17
6.88	1.9435162625034035e-17
6.89	1.931227264869174e-17
6.9	1.9190279970445615e-17
6.91	1.9069177086153685e-17
6.92	1.894895656237259e-17
6.93	1.882961103562393e-17
6.9399999999999995	1.8711133211668606e-17
6.95	1.8593515864789364e-17
6.96	1.8476751837081296e-17
6.97	1.8360834037750156e-17
6.9799999999999995	1.8245755442418613e-17
6.99	1.8131509092440107e-17
7.0	1.8018088094220447e-17
7.01	1.7905485618546785e-17
7.02	1.7793694899924168e-17
7.03	1.7682709235919404e-17
7.04	1.7572521986512275e-17
7.05	1.746312657345375e-17
7.06	1.7354516479631553e-17
7.07	1.7246685248442552e-17
7.08	1.7139626483172267e-17
7.09	1.7033333846381084e-17
7.1	1.6927801059297344e-17
7.11	1.6823021901217108e-17
7.12	1.6718990208910607e-17
7.13	1.6615699876035125e-17
7.14	1.651314485255447e-17
7.15	1.641131914416478e-17
7.16	1.6310216811726713e-17
7.17	1.62098319707038e-17
7.18	1.6110158790607062e-17
7.1899999999999995	1.6011191494445695e-17
7.2	1.5912924358183793e-17
7.21	1.5815351710203077e-17
7.22	1.5718467930771445e-17
7.2299999999999995	1.5622267451517435e-17
7.24	1.552674475491038e-17
7.25	1.5431894373746343e-17
7.26	1.533771089063958e-17
7.27	1.5244188937519648e-17
7.28	1.5151323195133962e-17
7.29	1.5059108392555872e-17
7.3	1.496753930669797e-17
7.31	1.4876610761830837e-17
7.32	1.4786317629107012e-17
7.33	1.469665482609012e-17
7.34	1.4607617316289135e-17
7.35	1.451920010869773e-17
7.36	1.4431398257338642e-17
7.37	1.4344206860813002e-17
7.38	1.4257621061854507e-17
7.39	1.4171636046888484e-17
7.4	1.408624704559573e-17
7.41	1.4001449330481107e-17
7.42	1.391723821644673e-17
7.43	1.3833609060369866e-17
7.4399999999999995	1.3750557260685349e-17
7.45	1.366807825697255e-17
7.46	1.3586167529546783e-17
7.47	1.3504820599055126e-17
7.4799999999999995	1.3424033026076597e-17
7.49	1.3343800410726676e-17
7.5	1.3264118392266082e-17
7.51	1.3184982648713713e-17
7.52	1.3106388896463811e-17
7.53	1.3028332889907211e-17
7.54	1.2950810421056713e-17
7.55	1.287381731917638e-17
7.56	1.2797349450414906e-17
7.57	1.2721402717442874e-17
7.58	1.2645973059093928e-17
7.59	1.2571056450009727e-17
7.6	1.2496648900288796e-17
7.61	1.2422746455139017e-17
7.62	1.234934519453397e-17
7.63	1.2276441232872794e-17
7.64	1.2204030718643786e-17
7.65	1.2132109834091546e-17
7.66	1.2060674794887697e-17
7.67	1.1989721849805058e-17
7.68	1.1919247280395314e-17
7.6899999999999995	1.1849247400670141e-17
7.7	1.1779718556785664e-17
7.71	1.1710657126730313e-17
7.72	1.1642059520015943e-17
7.7299999999999995	1.1573922177372274e-17
7.74	1.1506241570444526e-17
7.75	1.1439014201494311e-17
7.76	1.1372236603103604e-17
7.77	1.1305905337881925e-17
7.78	1.1240016998176554e-17
7.79	1.1174568205785854e-17
7.8	1.1109555611675566e-17
7.81	1.1044975895698126e-17
7.82	1.0980825766314912e-17
7.83	1.0917101960321471e-17
7.84	1.0853801242575543e-17
7.85	1.0790920405728005e-17
7.86	1.0728456269956629e-17
7.87	1.0666405682702631e-17
7.88	1.0604765518409957e-17
7.89	1.0543532678267325e-17
7.9	1.0482704089952966e-17
7.91	1.0422276707382018e-17
7.92	1.0362247510456559e-17
7.93	1.0302613504818262e-17
7.94	1.0243371721603617e-17
7.95	1.0184519217201734e-17
7.96	1.0126053073014599e-17
7.97	1.0067970395219905e-17
7.9799999999999995	1.0010268314536301e-17
7.99	9.952943985991077e-18
8.0	9.895994588690306e-18
8.01	9.839417325591305e-18
8.02	9.783209423277494e-18
8.03	9.727368131735599e-18
8.04	9.67189072413511e-18
8.05	9.616774496610062e-18
8.06	9.562016768043083e-18
8.07	9.50761487985159e-18
8.08	9.453566195776284e-18
8.09	9.399868101671773e-18
8.1	9.346518005299363e-18
8.11	9.293513336121981e-18
8.12	9.240851545101207e-18
8.13	9.18853010449637e-18
8.14	9.136546507665781e-18
8.15	9.084898268869864e-18
8.16	9.033582923076452e-18
8.17	8.982598025767989e-18
8.18	8.93194115275073e-18
8.19	8.881609899965888e-18
8.2	8.831601883302707e-18
8.209999999999999	8.781914738413448e-18
8.22	8.732546120530259e-18
8.23	8.68349370428392e-18
8.24	8.634755183524402e-18
8.25	8.586328271143282e-18
8.26	8.538210698897951e-18
8.27	8.49040021723762e-18
8.28	8.442894595131062e-18
8.29	8.395691619896126e-18
8.3	8.348789097030964e-18
8.31	8.302184850046999e-18
8.32	8.2558767203035e-18
8.33	8.209862566843935e-18
8.34	8.164140266233887e-18
8.35	8.118707712400663e-18
8.36	8.073562816474491e-18
8.37	8.028703506631319e-18
8.38	7.98412772793719e-18
8.39	7.939833442194232e-18
8.4	7.895818627788094e-18
8.41	7.852081279537014e-18
8.42	7.80861940854234e-18
8.43	7.765431042040569e-18
8.44	7.722514223256882e-18
8.45	7.6798670112601e-18
8.459999999999999	7.63748748081914e-18
8.47	7.595373722260861e-18
8.48	7.553523841329372e-18
8.49	7.511935959046701e-18
8.5	7.470608211574861e-18
8.51	7.429538750079322e-18
8.52	7.388725740593796e-18
8.53	7.348167363886387e-18
8.54	7.307861815327076e-18
8.55	7.267807304756492e-18
8.56	7.228002056356044e-18
8.57	7.188444308519241e-18
8.58	7.149132313724381e-18
8.59	7.110064338408443e-18
8.6	7.071238662842244e-18
8.61	7.032653581006826e-18
8.62	6.994307400471051e-18
8.63	6.956198442270415e-18
8.64	6.918325040787066e-18
8.65	6.880685543630949e-18
8.66	6.843278311522188e-18
8.67	6.806101718174571e-18
8.68	6.769154150180206e-18
8.69	6.7324340068952984e-18
8.7	6.695939700327039e-18
8.71	6.659669655021607e-18
8.72	6.6236223079532884e-18
8.73	6.587796108414614e-18
8.74	6.552189517907648e-18
8.75	6.516801010036281e-18
8.76	6.481629070399596e-18
8.77	6.4466721964862714e-18
8.78	6.411928897569991e-18
8.79	6.377397694605903e-18
8.8	6.343077120128057e-18
8.81	6.308965718147859e-18
8.82	6.27506204405347e-18
8.83	6.2413646645102335e-18
8.84	6.207872157362019e-18
8.85	6.174583111533553e-18
8.86	6.141496126933671e-18
8.87	6.10860981435951e-18
8.88	6.075922795401627e-18
8.89	6.0434337023500425e-18
8.9	6.0111411781011585e-18
8.91	5.9790438760655896e-18
8.92	5.947140460076889e-18
8.93	5.915429604301139e-18
8.94	5.883909993147406e-18
8.95	5.852580321179062e-18
8.96	5.821439293025939e-18
8.97	5.7904856232973705e-18
8.98	5.759718036495979e-18
8.99	5.729135266932381e-18
9.0	5.698736058640637e-18
9.01	5.6685191652945455e-18
9.02	5.638483350124712e-18
9.03	5.6086273858364296e-18
9.04	5.5789500545283205e-18
9.05	5.549450147611744e-18
9.06	5.520126465731024e-18
9.07	5.4909778186843456e-18
9.08	5.462003025345471e-18
9.09	5.433200913586173e-18
9.1	5.404570320199403e-18
9.11	5.3761100908231815e-18
9.12	5.34781907986521e-18
9.13	5.319696150428198e-18
9.14	5.291740174235899e-18
9.15	5.2639500315598146e-18
9.16	5.236324611146626e-18
9.17	5.208862810146286e-18
9.18	5.181563534040788e-18
9.19	5.154425696573612e-18
9.2	5.1274482196798246e-18
9.21	5.1006300334168325e-18
9.22	5.073970075895803e-18
9.23	5.047467293213688e-18
9.24	5.021120639385924e-18
9.25	4.994929076279739e-18
9.26	4.968891573548079e-18
9.27	4.943007108564169e-18
9.28	4.917274666356656e-18
9.29	4.891693239545389e-18
9.3	4.8662618282777546e-18
9.31	4.8409794401656606e-18
9.32	4.8158450902230346e-18
9.33	4.790857800803962e-18
9.34	4.766016601541365e-18
9.35	4.741320529286262e-18
9.36	4.716768628047582e-18
9.37	4.6923599489325385e-18
9.38	4.668093550087554e-18
9.39	4.6439684966397384e-18
9.4	4.619983860638875e-18
9.41	4.596138720999979e-18
9.42	4.57243216344637e-18
9.43	4.5488632804532545e-18
9.44	4.525431171191852e-18
9.45	4.502134941474011e-18
9.46	4.478973703697341e-18
9.47	4.455946576790861e-18
9.48	4.4330526861611195e-18
9.49	4.410291163638821e-18
9.5	4.387661147425946e-18
9.51	4.365161782043344e-18
9.52	4.34279221827881e-18
9.53	4.32055161313563e-18
9.54	4.298439129781595e-18
9.55	4.276453937498486e-18
9.56	4.254595211632014e-18
9.57	4.232862133542207e-18
9.58	4.2112538905542556e-18
9.59	4.189769675909809e-18
9.6	4.1684086887186965e-18
9.61	4.147170133911106e-18
9.62	4.126053222190176e-18
9.63	4.105057169985019e-18
9.64	4.084181199404198e-18
9.65	4.063424538189569e-18
9.66	4.042786419670587e-18
9.67	4.022266082719e-18
9.68	4.001862771703959e-18
9.69	3.981575736447523e-18
9.7	3.961404232180578e-18
9.71	3.9413475194991315e-18
9.72	3.921404864321026e-18
9.73	3.901575537843006e-18
9.74	3.8818588164981985e-18
9.75	3.862253981913961e-18
9.76	3.842760320870105e-18
9.77	3.823377125257501e-18
9.78	3.804103692037039e-18
9.79	3.78493932319897e-18
9.8	3.765883325722593e-18
9.81	3.746935011536326e-18
9.82	3.7280936974780976e-18
9.83	3.709358705256114e-18
9.84	3.690729361409974e-18
9.85	3.672204997272118e-18
9.86	3.653784948929625e-18
9.87	3.635468557186345e-18
9.88	3.617255167525366e-18
9.89	3.599144130071825e-18
9.9	3.581134799556021e-18
9.91	3.563226535276874e-18
9.92	3.545418701065708e-18
9.93	3.527710665250333e-18
9.94	3.510101800619468e-18
9.95	3.492591484387453e-18
9.96	3.4751790981592875e-18
9.97	3.457864027895977e-18
9.98	3.4406456638801605e-18
9.99	3.4235234006820677e-18
